{"cameraMode":{"drawMode":0,"name":"Shaded","section":"Shading Mode"},"sceneLighting":true,"audioPlay":false,"sceneViewState":{"showFog":false,"showMaterialUpdate":false,"showSkybox":false,"showFlares":false,"showImageEffects":false,"showParticleSystems":false},"in2DMode":false,"pivot":{"x":825.1729125976563,"y":-1.4994313716888428,"z":150.7346649169922},"rotation":{"x":0.006230126600712538,"y":0.9925061464309692,"z":-0.06391733139753342,"w":0.11064425110816956},"size":30.329036712646486,"orthographic":false}