{"cameraMode":{"drawMode":0,"name":"Shaded","section":"Shading Mode"},"sceneLighting":true,"audioPlay":false,"sceneViewState":{"showFog":false,"showMaterialUpdate":false,"showSkybox":false,"showFlares":false,"showImageEffects":false,"showParticleSystems":false},"in2DMode":false,"pivot":{"x":302.12200927734377,"y":162.7766876220703,"z":-999.9535522460938},"rotation":{"x":-0.003921085502952337,"y":-0.9870141744613648,"z":-0.03127799928188324,"w":0.15943913161754609},"size":1265.197021484375,"orthographic":false}