{"cameraMode":{"drawMode":0,"name":"Shaded","section":"Shading Mode"},"sceneLighting":true,"audioPlay":false,"sceneViewState":{"showFog":false,"showMaterialUpdate":false,"showSkybox":false,"showFlares":false,"showImageEffects":false,"showParticleSystems":false},"in2DMode":false,"pivot":{"x":795.0021362304688,"y":485.0775451660156,"z":-38.88515853881836},"rotation":{"x":-0.37426918745040896,"y":0.22499723732471467,"z":-0.09259050339460373,"w":-0.8950768709182739},"size":2.4655556678771974,"orthographic":false}