{"cameraMode":{"drawMode":0,"name":"Shaded","section":"Shading Mode"},"sceneLighting":true,"audioPlay":false,"sceneViewState":{"showFog":false,"showMaterialUpdate":false,"showSkybox":false,"showFlares":false,"showImageEffects":false,"showParticleSystems":false},"in2DMode":false,"pivot":{"x":222.27694702148438,"y":537.7003173828125,"z":-437.04412841796877},"rotation":{"x":0.03750898316502571,"y":-0.02983752451837063,"z":0.00032704087789170444,"w":0.9991260170936585},"size":22.0,"orthographic":false}