{"cameraMode":{"drawMode":0,"name":"Shaded","section":"Shading Mode"},"sceneLighting":true,"audioPlay":false,"sceneViewState":{"showFog":false,"showMaterialUpdate":false,"showSkybox":false,"showFlares":false,"showImageEffects":false,"showParticleSystems":false},"in2DMode":false,"pivot":{"x":819.409423828125,"y":6.242274284362793,"z":215.80296325683595},"rotation":{"x":-0.1905066967010498,"y":-0.14528976380825044,"z":0.028488658368587495,"w":-0.9706478118896484},"size":9.136884689331055,"orthographic":false}