{"cameraMode":{"drawMode":0,"name":"Shaded","section":"Shading Mode"},"sceneLighting":true,"audioPlay":false,"sceneViewState":{"showFog":false,"showMaterialUpdate":false,"showSkybox":false,"showFlares":false,"showImageEffects":false,"showParticleSystems":false},"in2DMode":false,"pivot":{"x":804.3604736328125,"y":1.3709521293640137,"z":208.00979614257813},"rotation":{"x":-0.2231961488723755,"y":-0.2469739466905594,"z":0.05854278802871704,"w":-0.9413461089134216},"size":9.287069320678711,"orthographic":false}