{"cameraMode":{"drawMode":0,"name":"Shaded","section":"Shading Mode"},"sceneLighting":true,"audioPlay":false,"sceneViewState":{"showFog":false,"showMaterialUpdate":false,"showSkybox":false,"showFlares":false,"showImageEffects":false,"showParticleSystems":false},"in2DMode":false,"pivot":{"x":289.42877197265627,"y":485.94232177734377,"z":-522.4830932617188},"rotation":{"x":-0.12598444521427155,"y":-0.007518109865486622,"z":0.0009375097579322755,"w":-0.9921894669532776},"size":4.571567058563232,"orthographic":false}