{"cameraMode":{"drawMode":0,"name":"Shaded","section":"Shading Mode"},"sceneLighting":true,"audioPlay":false,"sceneViewState":{"showFog":false,"showMaterialUpdate":false,"showSkybox":false,"showFlares":false,"showImageEffects":false,"showParticleSystems":false},"in2DMode":false,"pivot":{"x":-2.812023639678955,"y":2.448686361312866,"z":-10.38484001159668},"rotation":{"x":0.12007104605436325,"y":-0.8286754488945007,"z":0.19124144315719605,"w":0.5126487016677856},"size":1.5655558109283448,"orthographic":false}