{"cameraMode":{"drawMode":0,"name":"Shaded","section":"Shading Mode"},"sceneLighting":false,"audioPlay":false,"sceneViewState":{"showFog":false,"showMaterialUpdate":false,"showSkybox":false,"showFlares":false,"showImageEffects":false,"showParticleSystems":false},"in2DMode":false,"pivot":{"x":1.0871548652648926,"y":-4.531945705413818,"z":5.5447845458984379},"rotation":{"x":0.26715803146362307,"y":-0.08493193984031677,"z":0.02364632487297058,"w":0.9596114158630371},"size":10.347138404846192,"orthographic":false}