{"cameraMode":{"drawMode":0,"name":"Shaded","section":"Shading Mode"},"sceneLighting":false,"audioPlay":false,"sceneViewState":{"showFog":false,"showMaterialUpdate":false,"showSkybox":false,"showFlares":false,"showImageEffects":false,"showParticleSystems":false},"in2DMode":false,"pivot":{"x":3.9553680419921877,"y":-4.602906227111816,"z":7.4245429039001469},"rotation":{"x":-0.112129345536232,"y":-0.6075952053070068,"z":0.08718191832304001,"w":-0.7814438343048096},"size":10.979329109191895,"orthographic":false}