{"cameraMode":{"drawMode":0,"name":"Shaded","section":"Shading Mode"},"sceneLighting":true,"audioPlay":false,"sceneViewState":{"showFog":false,"showMaterialUpdate":false,"showSkybox":false,"showFlares":false,"showImageEffects":false,"showParticleSystems":false},"in2DMode":false,"pivot":{"x":-336.7447509765625,"y":332.2545471191406,"z":-754.3662719726563},"rotation":{"x":0.18175514042377473,"y":0.6269983053207398,"z":-0.15368306636810304,"w":0.7418738603591919},"size":89.59697723388672,"orthographic":false}