{"cameraMode":{"drawMode":0,"name":"Shaded","section":"Shading Mode"},"sceneLighting":true,"audioPlay":false,"sceneViewState":{"showFog":false,"showMaterialUpdate":false,"showSkybox":false,"showFlares":false,"showImageEffects":false,"showParticleSystems":false},"in2DMode":false,"pivot":{"x":821.3858642578125,"y":0.5498342514038086,"z":222.17181396484376},"rotation":{"x":-0.26325929164886477,"y":-0.12842299044132234,"z":0.03536790981888771,"w":-0.9556795358657837},"size":9.13541030883789,"orthographic":false}