{"cameraMode":{"drawMode":0,"name":"Shaded","section":"Shading Mode"},"sceneLighting":true,"audioPlay":false,"sceneViewState":{"showFog":false,"showMaterialUpdate":false,"showSkybox":false,"showFlares":false,"showImageEffects":false,"showParticleSystems":false},"in2DMode":false,"pivot":{"x":322.9708251953125,"y":267.47845458984377,"z":-271.59332275390627},"rotation":{"x":0.007501864805817604,"y":-0.0008303626091219485,"z":0.0005991642246954143,"w":-1.000313401222229},"size":20.90373992919922,"orthographic":false}