{"cameraMode":{"drawMode":0,"name":"Shaded","section":"Shading Mode"},"sceneLighting":true,"audioPlay":false,"sceneViewState":{"showFog":false,"showMaterialUpdate":false,"showSkybox":false,"showFlares":false,"showImageEffects":false,"showParticleSystems":false},"in2DMode":false,"pivot":{"x":840.2177124023438,"y":24.709470748901368,"z":431.0646667480469},"rotation":{"x":0.00026971285114996135,"y":0.9999755620956421,"z":-0.00930873118340969,"w":-0.019035357981920244},"size":9.0255708694458,"orthographic":false}