{"cameraMode":{"drawMode":0,"name":"Shaded","section":"Shading Mode"},"sceneLighting":true,"audioPlay":false,"sceneViewState":{"showFog":false,"showMaterialUpdate":false,"showSkybox":false,"showFlares":false,"showImageEffects":false,"showParticleSystems":false},"in2DMode":false,"pivot":{"x":488.2102355957031,"y":364.1290588378906,"z":-443.7325744628906},"rotation":{"x":-0.05720049887895584,"y":0.048870958387851718,"z":0.0031943372450768949,"w":0.9977232813835144},"size":30.329036712646486,"orthographic":false}