{"cameraMode":{"drawMode":0,"name":"Shaded","section":"Shading Mode"},"sceneLighting":true,"audioPlay":false,"sceneViewState":{"showFog":false,"showMaterialUpdate":false,"showSkybox":false,"showFlares":false,"showImageEffects":false,"showParticleSystems":false},"in2DMode":false,"pivot":{"x":695.8072509765625,"y":32.40119171142578,"z":329.39923095703127},"rotation":{"x":0.04260064288973808,"y":-0.9155693054199219,"z":0.10098184645175934,"w":0.38741278648376467},"size":33.564998626708987,"orthographic":false}