{"cameraMode":{"drawMode":0,"name":"Shaded","section":"Shading Mode"},"sceneLighting":false,"audioPlay":false,"sceneViewState":{"showFog":false,"showMaterialUpdate":false,"showSkybox":false,"showFlares":false,"showImageEffects":false,"showParticleSystems":false},"in2DMode":false,"pivot":{"x":-6.822502613067627,"y":-0.6865053176879883,"z":-12.322916984558106},"rotation":{"x":-0.02516820654273033,"y":-0.9742686152458191,"z":0.1742846965789795,"w":-0.14068618416786195},"size":24.05356216430664,"orthographic":false}