{"cameraMode":{"drawMode":0,"name":"Shaded","section":"Shading Mode"},"sceneLighting":true,"audioPlay":false,"sceneViewState":{"showFog":false,"showMaterialUpdate":false,"showSkybox":false,"showFlares":false,"showImageEffects":false,"showParticleSystems":false},"in2DMode":false,"pivot":{"x":821.79248046875,"y":1.4164735078811646,"z":222.6905517578125},"rotation":{"x":-0.1586005985736847,"y":-0.6175976991653442,"z":0.12892022728919984,"w":-0.7597161531448364},"size":9.132039070129395,"orthographic":false}