{"cameraMode":{"drawMode":0,"name":"Shaded","section":"Shading Mode"},"sceneLighting":true,"audioPlay":false,"sceneViewState":{"showFog":false,"showMaterialUpdate":false,"showSkybox":false,"showFlares":false,"showImageEffects":false,"showParticleSystems":false},"in2DMode":false,"pivot":{"x":-0.0000015497207641601563,"y":0.0007692277431488037,"z":-0.02054595947265625},"rotation":{"x":-0.2231961488723755,"y":-0.2469739466905594,"z":0.05854278802871704,"w":-0.9413461089134216},"size":9.1358003616333,"orthographic":false}