{"cameraMode":{"drawMode":0,"name":"Shaded","section":"Shading Mode"},"sceneLighting":true,"audioPlay":false,"sceneViewState":{"showFog":false,"showMaterialUpdate":false,"showSkybox":false,"showFlares":false,"showImageEffects":false,"showParticleSystems":false},"in2DMode":false,"pivot":{"x":854.7667846679688,"y":13.756943702697754,"z":136.14048767089845},"rotation":{"x":-0.09447667747735977,"y":0.7460471987724304,"z":-0.10774804651737213,"w":-0.6511906385421753},"size":30.329036712646486,"orthographic":false}