{"cameraMode":{"drawMode":0,"name":"Shaded","section":"Shading Mode"},"sceneLighting":true,"audioPlay":false,"sceneViewState":{"showFog":false,"showMaterialUpdate":false,"showSkybox":false,"showFlares":false,"showImageEffects":false,"showParticleSystems":false},"in2DMode":false,"pivot":{"x":824.2661743164063,"y":-1.9664053916931153,"z":217.2852325439453},"rotation":{"x":-0.3763314485549927,"y":-0.4600276052951813,"z":0.22412680089473725,"w":-0.7725850939750671},"size":9.13541030883789,"orthographic":false}