{"cameraMode":{"drawMode":0,"name":"Shaded","section":"Shading Mode"},"sceneLighting":true,"audioPlay":false,"sceneViewState":{"showFog":false,"showMaterialUpdate":false,"showSkybox":false,"showFlares":false,"showImageEffects":false,"showParticleSystems":false},"in2DMode":false,"pivot":{"x":757.3717651367188,"y":-0.14972877502441407,"z":597.8160400390625},"rotation":{"x":-0.0083638159558177,"y":0.9810895323753357,"z":-0.030170204117894174,"w":-0.19242335855960847},"size":332.6894836425781,"orthographic":false}