{"cameraMode":{"drawMode":0,"name":"Shaded","section":"Shading Mode"},"sceneLighting":true,"audioPlay":false,"sceneViewState":{"showFog":false,"showMaterialUpdate":false,"showSkybox":false,"showFlares":false,"showImageEffects":false,"showParticleSystems":false},"in2DMode":false,"pivot":{"x":619.6468505859375,"y":-95.90555572509766,"z":192.6426239013672},"rotation":{"x":-0.17790557444095612,"y":0.611471951007843,"z":-0.14147838950157166,"w":-0.7584167122840881},"size":346.25390625,"orthographic":false}