{"cameraMode":{"drawMode":0,"name":"Shaded","section":"Shading Mode"},"sceneLighting":true,"audioPlay":false,"sceneViewState":{"showFog":false,"showMaterialUpdate":false,"showSkybox":false,"showFlares":false,"showImageEffects":false,"showParticleSystems":false},"in2DMode":false,"pivot":{"x":864.8452758789063,"y":33.210838317871097,"z":141.34776306152345},"rotation":{"x":-0.003500529797747731,"y":0.8277176022529602,"z":-0.004532425664365292,"w":-0.5619359612464905},"size":31.758153915405275,"orthographic":false}