{"cameraMode":{"drawMode":0,"name":"Shaded","section":"Shading Mode"},"sceneLighting":true,"audioPlay":false,"sceneViewState":{"showFog":false,"showMaterialUpdate":false,"showSkybox":false,"showFlares":false,"showImageEffects":false,"showParticleSystems":false},"in2DMode":false,"pivot":{"x":799.6044921875,"y":-9.4168062210083,"z":211.41238403320313},"rotation":{"x":0.1202051118016243,"y":-0.7513298988342285,"z":0.14289766550064088,"w":0.6332451105117798},"size":33.564998626708987,"orthographic":false}