{"cameraMode":{"drawMode":0,"name":"Shaded","section":"Shading Mode"},"sceneLighting":true,"audioPlay":false,"sceneViewState":{"showFog":false,"showMaterialUpdate":false,"showSkybox":false,"showFlares":false,"showImageEffects":false,"showParticleSystems":false},"in2DMode":false,"pivot":{"x":767.4375,"y":-39.021827697753909,"z":125.09918212890625},"rotation":{"x":-0.11266059428453446,"y":0.8830739259719849,"z":-0.27261897921562197,"w":-0.36526164412498476},"size":90.79867553710938,"orthographic":false}