{"cameraMode":{"drawMode":0,"name":"Shaded","section":"Shading Mode"},"sceneLighting":true,"audioPlay":false,"sceneViewState":{"showFog":false,"showMaterialUpdate":false,"showSkybox":false,"showFlares":false,"showImageEffects":false,"showParticleSystems":false},"in2DMode":false,"pivot":{"x":22.253082275390626,"y":25.726158142089845,"z":-29.697206497192384},"rotation":{"x":-0.2615831792354584,"y":0.48366472125053408,"z":-0.15487496554851533,"w":-0.8214117884635925},"size":30.329036712646486,"orthographic":false}