{"cameraMode":{"drawMode":0,"name":"Shaded","section":"Shading Mode"},"sceneLighting":true,"audioPlay":false,"sceneViewState":{"showFog":false,"showMaterialUpdate":false,"showSkybox":false,"showFlares":false,"showImageEffects":false,"showParticleSystems":false},"in2DMode":false,"pivot":{"x":821.7919921875,"y":2.6586146354675295,"z":214.2931365966797},"rotation":{"x":-0.00335300131700933,"y":-0.9901484847068787,"z":0.02407010644674301,"w":-0.13925111293792725},"size":9.240160942077637,"orthographic":false}