{"cameraMode":{"drawMode":0,"name":"Shaded","section":"Shading Mode"},"sceneLighting":true,"audioPlay":false,"sceneViewState":{"showFog":false,"showMaterialUpdate":false,"showSkybox":false,"showFlares":false,"showImageEffects":false,"showParticleSystems":false},"in2DMode":false,"pivot":{"x":400.4397888183594,"y":247.6445770263672,"z":82.09774017333985},"rotation":{"x":0.00032870116410776973,"y":-1.0002354383468629,"z":-0.000607191352173686,"w":0.00306921754963696},"size":146.55670166015626,"orthographic":false}